id	url
https://www.daytona.io/dotfiles/the-2023-journey-of-daytona-a-year-in-review	https://www.daytona.io/dotfiles/the-2023-journey-of-daytona-a-year-in-review
https://www.daytona.io/dotfiles/benefits-of-hybrid-environments-for-enterprise-security	https://www.daytona.io/dotfiles/benefits-of-hybrid-environments-for-enterprise-security
https://www.daytona.io/dotfiles/meet-sara-our-driving-force-of-operational-excellence	https://www.daytona.io/dotfiles/meet-sara-our-driving-force-of-operational-excellence
https://www.daytona.io/dotfiles/streamlining-devops-with-earthly-and-daytona	https://www.daytona.io/dotfiles/streamlining-devops-with-earthly-and-daytona
https://www.daytona.io/dotfiles/meet-luke-fusing-craftsmanship-and-customer-success	https://www.daytona.io/dotfiles/meet-luke-fusing-craftsmanship-and-customer-success
https://www.daytona.io/dotfiles/the-evolution-of-internal-developer-portals	https://www.daytona.io/dotfiles/the-evolution-of-internal-developer-portals
https://www.daytona.io/dotfiles/how-infobip-slashed-time-to-hello-world	https://www.daytona.io/dotfiles/how-infobip-slashed-time-to-hello-world
https://www.daytona.io/dotfiles/2024-the-year-cdes-go-mainstream	https://www.daytona.io/dotfiles/2024-the-year-cdes-go-mainstream
https://www.daytona.io/dotfiles/seamless-developer-experience-with-vs-code-and-daytona	https://www.daytona.io/dotfiles/seamless-developer-experience-with-vs-code-and-daytona
https://www.daytona.io/dotfiles/the-true-cost-of-developer-tools	https://www.daytona.io/dotfiles/the-true-cost-of-developer-tools
https://www.daytona.io/dotfiles/install-daytona-on-digitalocean-in-minutes	https://www.daytona.io/dotfiles/install-daytona-on-digitalocean-in-minutes
https://www.daytona.io/dotfiles/the-role-of-innersource-in-modern-software-development	https://www.daytona.io/dotfiles/the-role-of-innersource-in-modern-software-development
https://www.daytona.io/dotfiles/how-daytona-is-easing-developer-cognitive-load	https://www.daytona.io/dotfiles/how-daytona-is-easing-developer-cognitive-load
https://www.daytona.io/dotfiles/github-s-ai-evolution-the-copilot-paradigm-shift	https://www.daytona.io/dotfiles/github-s-ai-evolution-the-copilot-paradigm-shift
https://www.daytona.io/dotfiles/how-daytona-s-dev-environments-align-with-ai-revolution	https://www.daytona.io/dotfiles/how-daytona-s-dev-environments-align-with-ai-revolution
https://www.daytona.io/dotfiles/containers-for-streamlined-development-pipelines	https://www.daytona.io/dotfiles/containers-for-streamlined-development-pipelines
https://www.daytona.io/dotfiles/advanced-configuration-techniques-for-dev-container	https://www.daytona.io/dotfiles/advanced-configuration-techniques-for-dev-container
https://www.daytona.io/dotfiles/impact-of-development-environments-on-software-creation	https://www.daytona.io/dotfiles/impact-of-development-environments-on-software-creation
https://www.daytona.io/dotfiles/streamlined-devex-with-the-daytona-installer-script	https://www.daytona.io/dotfiles/streamlined-devex-with-the-daytona-installer-script
https://www.daytona.io/dotfiles/demystifying-the-dev-container-lifecycle-a-walkthrough	https://www.daytona.io/dotfiles/demystifying-the-dev-container-lifecycle-a-walkthrough
https://www.daytona.io/dotfiles/creating-a-development-container	https://www.daytona.io/dotfiles/creating-a-development-container
https://www.daytona.io/dotfiles/ensuring-consistent-container-behavior	https://www.daytona.io/dotfiles/ensuring-consistent-container-behavior
https://www.daytona.io/dotfiles/harnessing-ai-through-standardization-and-isolation	https://www.daytona.io/dotfiles/harnessing-ai-through-standardization-and-isolation
https://www.daytona.io/dotfiles/new-paradigm-in-developer-tool-marketing	https://www.daytona.io/dotfiles/new-paradigm-in-developer-tool-marketing
https://www.daytona.io/dotfiles/introduction-to-guardrails-and-paved-paths	https://www.daytona.io/dotfiles/introduction-to-guardrails-and-paved-paths
https://www.daytona.io/dotfiles/daytona-raises-2m-in-pre-seed	https://www.daytona.io/dotfiles/daytona-raises-2m-in-pre-seed
https://www.daytona.io/dotfiles/the-vital-role-of-internal-developer-platforms	https://www.daytona.io/dotfiles/the-vital-role-of-internal-developer-platforms
https://www.daytona.io/dotfiles/inside-the-dev-container-specification	https://www.daytona.io/dotfiles/inside-the-dev-container-specification
https://www.daytona.io/dotfiles/moving-beyond-cde	https://www.daytona.io/dotfiles/moving-beyond-cde
https://www.daytona.io/dotfiles/bridging-the-communication-gap-with-semantic-release	https://www.daytona.io/dotfiles/bridging-the-communication-gap-with-semantic-release
https://www.daytona.io/dotfiles/leveraging-standardized-development-environments	https://www.daytona.io/dotfiles/leveraging-standardized-development-environments
https://www.daytona.io/dotfiles/clarifying-cloud-development	https://www.daytona.io/dotfiles/clarifying-cloud-development
https://www.daytona.io/dotfiles/the-de-facto-devrel	https://www.daytona.io/dotfiles/the-de-facto-devrel
https://www.daytona.io/dotfiles/simplifying-dev-container-configuration	https://www.daytona.io/dotfiles/simplifying-dev-container-configuration
https://www.daytona.io/dotfiles/achieving-optimal-observability-with-daytona	https://www.daytona.io/dotfiles/achieving-optimal-observability-with-daytona
https://www.daytona.io/dotfiles/managing-secrets-with-doppler-in-devcontainers	https://www.daytona.io/dotfiles/managing-secrets-with-doppler-in-devcontainers
https://www.daytona.io/dotfiles/self-hosted-development-environment	https://www.daytona.io/dotfiles/self-hosted-development-environment
https://www.daytona.io/dotfiles/docker-s-hybrid-approach-and-lessons-for-daytona	https://www.daytona.io/dotfiles/docker-s-hybrid-approach-and-lessons-for-daytona
https://www.daytona.io/dotfiles/the-road-to-developer-velocity-is-paved-with-sdes	https://www.daytona.io/dotfiles/the-road-to-developer-velocity-is-paved-with-sdes
https://www.daytona.io/dotfiles/regulated-industry-and-the-future-of-development	https://www.daytona.io/dotfiles/regulated-industry-and-the-future-of-development
https://www.daytona.io/dotfiles/meet-ivan-burazin-our-ceo-and-dev-empowerment-champion	https://www.daytona.io/dotfiles/meet-ivan-burazin-our-ceo-and-dev-empowerment-champion
https://www.daytona.io/dotfiles/meet-ivan-dagelic-our-software-engineer	https://www.daytona.io/dotfiles/meet-ivan-dagelic-our-software-engineer
https://www.daytona.io/dotfiles/meet-zoran-zorica-our-infrastructure-engineer	https://www.daytona.io/dotfiles/meet-zoran-zorica-our-infrastructure-engineer
https://www.daytona.io/dotfiles/mastering-development-environment-configuration-standards	https://www.daytona.io/dotfiles/mastering-development-environment-configuration-standards
https://www.daytona.io/dotfiles/unlocking-developer-productivity	https://www.daytona.io/dotfiles/unlocking-developer-productivity
https://www.daytona.io/dotfiles/meet-goran-our-co-founder-and-chief-architect	https://www.daytona.io/dotfiles/meet-goran-our-co-founder-and-chief-architect
https://www.daytona.io/dotfiles/the-inside-story-of-code100	https://www.daytona.io/dotfiles/the-inside-story-of-code100
https://www.daytona.io/dotfiles/open-source-or-not	https://www.daytona.io/dotfiles/open-source-or-not
https://www.daytona.io/dotfiles/meet-fabjan-vucina-our-software-engineer	https://www.daytona.io/dotfiles/meet-fabjan-vucina-our-software-engineer
https://www.daytona.io/dotfiles/the-holy-triangle-of-software-development	https://www.daytona.io/dotfiles/the-holy-triangle-of-software-development
https://www.daytona.io/dotfiles/meet-toma-puljak-our-engineer-and-passionate-advocate	https://www.daytona.io/dotfiles/meet-toma-puljak-our-engineer-and-passionate-advocate
https://www.daytona.io/dotfiles/meet-nikola-balic-our-head-of-growth	https://www.daytona.io/dotfiles/meet-nikola-balic-our-head-of-growth
https://www.daytona.io/dotfiles/meet-chad-metcalf-our-head-of-strategy-and-alliances	https://www.daytona.io/dotfiles/meet-chad-metcalf-our-head-of-strategy-and-alliances
https://www.daytona.io/dotfiles/meet-vedran-jukic-our-co-founder-and-cto	https://www.daytona.io/dotfiles/meet-vedran-jukic-our-co-founder-and-cto
https://www.daytona.io/dotfiles/crystal-ball-envisioning-software-development-in-2030	https://www.daytona.io/dotfiles/crystal-ball-envisioning-software-development-in-2030
https://www.daytona.io/dotfiles/beyond-metrics-unlocking-true-developer-potential	https://www.daytona.io/dotfiles/beyond-metrics-unlocking-true-developer-potential
https://www.daytona.io/dotfiles/daytona-a-secure-alternative-to-github-codespaces	https://www.daytona.io/dotfiles/daytona-a-secure-alternative-to-github-codespaces
https://www.daytona.io/dotfiles/transitioning-from-localhost-to-cloud-environments	https://www.daytona.io/dotfiles/transitioning-from-localhost-to-cloud-environments
https://www.daytona.io/dotfiles/the-importance-of-secure-dev-environments	https://www.daytona.io/dotfiles/the-importance-of-secure-dev-environments
https://www.daytona.io/dotfiles/harnessing-ai-innovation-through-sdes	https://www.daytona.io/dotfiles/harnessing-ai-innovation-through-sdes
https://www.daytona.io/dotfiles/the-rise-of-cloud-development-environments	https://www.daytona.io/dotfiles/the-rise-of-cloud-development-environments
https://www.daytona.io/dotfiles/embracing-standardized-development-environments	https://www.daytona.io/dotfiles/embracing-standardized-development-environments
https://www.daytona.io/dotfiles/eliminating-works-on-my-machine-with-sdes	https://www.daytona.io/dotfiles/eliminating-works-on-my-machine-with-sdes
https://www.daytona.io/dotfiles/understanding-development-staging-and-production	https://www.daytona.io/dotfiles/understanding-development-staging-and-production
https://www.daytona.io/dotfiles/dominating-the-wearedevelopers-code100-competition	https://www.daytona.io/dotfiles/dominating-the-wearedevelopers-code100-competition
https://www.daytona.io/dotfiles/minimizing-cognitive-load-for-early-stage-engineering	https://www.daytona.io/dotfiles/minimizing-cognitive-load-for-early-stage-engineering
https://www.daytona.io/dotfiles/the-3-keys-to-structuring-developer-feedback-loops	https://www.daytona.io/dotfiles/the-3-keys-to-structuring-developer-feedback-loops
https://www.daytona.io/dotfiles/designing-developer-workspaces-for-flow-state	https://www.daytona.io/dotfiles/designing-developer-workspaces-for-flow-state
https://www.daytona.io/dotfiles/how-to-quantify-and-improve-developer-velocity	https://www.daytona.io/dotfiles/how-to-quantify-and-improve-developer-velocity
https://www.daytona.io/dotfiles/onboarding-lessons-from-uber-and-stripe	https://www.daytona.io/dotfiles/onboarding-lessons-from-uber-and-stripe
https://www.daytona.io/dotfiles/progressive-delivery	https://www.daytona.io/dotfiles/progressive-delivery
https://www.daytona.io/dotfiles/what-is-developer-experience	https://www.daytona.io/dotfiles/what-is-developer-experience
https://www.daytona.io/dotfiles/technical-documentation-is-your-competitive-advantage	https://www.daytona.io/dotfiles/technical-documentation-is-your-competitive-advantage
https://www.daytona.io/dotfiles/developer-experience-mixing-fun-and-grind	https://www.daytona.io/dotfiles/developer-experience-mixing-fun-and-grind
https://www.daytona.io/dotfiles/tech-stack-behind-daytona	https://www.daytona.io/dotfiles/tech-stack-behind-daytona
https://www.daytona.io/dotfiles/embracing-hybrid-development-environments	https://www.daytona.io/dotfiles/embracing-hybrid-development-environments
https://www.daytona.io/dotfiles/balancing-development-velocity-efficiency-and-quality	https://www.daytona.io/dotfiles/balancing-development-velocity-efficiency-and-quality
https://www.daytona.io/dotfiles/daytona-pioneering-the-future-of-sdes	https://www.daytona.io/dotfiles/daytona-pioneering-the-future-of-sdes
https://www.daytona.io/dotfiles/to-unleash-developer-productivity-try-the-85-rule	https://www.daytona.io/dotfiles/to-unleash-developer-productivity-try-the-85-rule
https://www.daytona.io/dotfiles/streamlining-onboarding-with-a-platform-engineering	https://www.daytona.io/dotfiles/streamlining-onboarding-with-a-platform-engineering
https://www.daytona.io/dotfiles/understanding-concept-internal-developer-platforms-idps	https://www.daytona.io/dotfiles/understanding-concept-internal-developer-platforms-idps
https://www.daytona.io/dotfiles/platform-engineering-creating-efficient-developer-commutes	https://www.daytona.io/dotfiles/platform-engineering-creating-efficient-developer-commutes
https://www.daytona.io/dotfiles/accelerating-developer-velocity	https://www.daytona.io/dotfiles/accelerating-developer-velocity
https://www.daytona.io/dotfiles/boost-collaboration-developer-10-effective-tips	https://www.daytona.io/dotfiles/boost-collaboration-developer-10-effective-tips
https://www.daytona.io/dotfiles/managing-complex-development-at-uber	https://www.daytona.io/dotfiles/managing-complex-development-at-uber
https://www.daytona.io/dotfiles/decoding-the-developer-dilemma-a-quest-for-clarity	https://www.daytona.io/dotfiles/decoding-the-developer-dilemma-a-quest-for-clarity
https://www.daytona.io/dotfiles/the-evolving-role-of-platform-engineering	https://www.daytona.io/dotfiles/the-evolving-role-of-platform-engineering
https://www.daytona.io/dotfiles/seamless-local-remote-development-daytona	https://www.daytona.io/dotfiles/seamless-local-remote-development-daytona
https://www.daytona.io/dotfiles/insights-on-platform-engineering-for-productivity	https://www.daytona.io/dotfiles/insights-on-platform-engineering-for-productivity
https://www.daytona.io/dotfiles/developer-environments-journey	https://www.daytona.io/dotfiles/developer-environments-journey
https://www.daytona.io/dotfiles/guide-to-effective-developer-onboarding	https://www.daytona.io/dotfiles/guide-to-effective-developer-onboarding
https://www.daytona.io/dotfiles/shift-left-dev-environment-orchestration	https://www.daytona.io/dotfiles/shift-left-dev-environment-orchestration
https://www.daytona.io/dotfiles/ownership-approach-balancing-freedom-security-daytona	https://www.daytona.io/dotfiles/ownership-approach-balancing-freedom-security-daytona
https://www.daytona.io/dotfiles/guide-create-devcontainer-json-file	https://www.daytona.io/dotfiles/guide-create-devcontainer-json-file
https://www.daytona.io/dotfiles/devfiles-development-containers-understanding-differences	https://www.daytona.io/dotfiles/devfiles-development-containers-understanding-differences
https://www.daytona.io/dotfiles/concept-ownership-development-environments	https://www.daytona.io/dotfiles/concept-ownership-development-environments
https://www.daytona.io/dotfiles/building-a-community-before-launching-your-product	https://www.daytona.io/dotfiles/building-a-community-before-launching-your-product
https://www.daytona.io/dotfiles/the-era-of-collaboration-in-remote-development	https://www.daytona.io/dotfiles/the-era-of-collaboration-in-remote-development
https://www.daytona.io/dotfiles/daytona-standardized-development-environment	https://www.daytona.io/dotfiles/daytona-standardized-development-environment
https://www.daytona.io/dotfiles/ultimate-guide-to-dev-containers	https://www.daytona.io/dotfiles/ultimate-guide-to-dev-containers
https://www.daytona.io/dotfiles/the-future-of-cloud-development-environments	https://www.daytona.io/dotfiles/the-future-of-cloud-development-environments
https://www.daytona.io/dotfiles/automation-improved-developer-productivity	https://www.daytona.io/dotfiles/automation-improved-developer-productivity
https://www.daytona.io/dotfiles/guide-selecting-git-provider	https://www.daytona.io/dotfiles/guide-selecting-git-provider
https://www.daytona.io/dotfiles/power-of-automation-in-software-development	https://www.daytona.io/dotfiles/power-of-automation-in-software-development
https://www.daytona.io/dotfiles/ultimate-guide-to-dotfiles	https://www.daytona.io/dotfiles/ultimate-guide-to-dotfiles
https://www.daytona.io/dotfiles/standardizing-dev-environments-for-collaboration	https://www.daytona.io/dotfiles/standardizing-dev-environments-for-collaboration
https://www.daytona.io/dotfiles/time-ripe-standardized-development-environments	https://www.daytona.io/dotfiles/time-ripe-standardized-development-environments
